{
    "ROM": {},
    "readMember": {},
    "readPoint": {},
    "readTime": {},
    "sidercyduk": {
        "cd4ad60451adcfd8001b882e998469a0f": false
    },
    "sidermem": {
        "cd4ad60451adcfd8001b882e998469a0f": "\n• 􀸂􀇱! Ezaar  􏿿\n• rź ara the explorer\n• ♛風²ＭＥмgn眼/๛/🌙/υѕg兎/🌏\n• Firman\n• ken\n• ᎽuᎠ卄Ꭺ ｢❁｣\n• Meiメイタ\n• IPUL\n• ‮FFO// saylI .RA\n• ᴰᶤᵐᵃˢ∱ҽвяעαռтøUsagi兎\n• 💐ナNanaナ💐\n• ✽Korzie✽Oda⚔\n• ♚ᵖʳᶤᶰ☪ᵉՏɑɾíʀ✿t¡􁀁􀆭􏿿\n• ‮idla\n• z̶e̶p̶a̶\n• Rialdi Bayu Adji\n• (ERO)[∂αηԍєяσυѕ危険な]\n• sasa\n• ✂1℞☪April♅􀠁􀆀Usagi兎‮✥\n• ♛ᴷᶤᶰᵍ̶H̶e̶n̶d̶r̶a̶"
    },
    "siderpoint": {
        "c3d3579f97505fd95a7b2e64ad2447539": "7909456813919",
        "cb33b0b12df91437e8a3a79b904fd5085": "7910278859095",
        "cd4ad60451adcfd8001b882e998469a0f": "7915793227932",
        "red47eed4e8e725f853a5014d39c2562e": "7907876903203"
    },
    "sidersticker": {
        "STKID": "2754649",
        "STKPKGID": "1066653"
    },
    "waktu": {}
}